timestamp,src_ip,dst_ip,protocole,taille,ttl,src_port,dst_port
2026-04-07T10:39:10.746366,172.21.13.126,224.0.0.251,2,56,1,0,0
2026-04-07T10:39:11.324450,172.21.12.17,172.21.12.1,17,92,128,0,0
2026-04-07T10:39:11.331157,172.21.12.1,172.21.12.17,17,216,58,0,0
2026-04-07T10:39:11.331912,172.21.12.17,20.50.201.206,6,66,128,57398,443
2026-04-07T10:39:11.351479,20.50.201.206,172.21.12.17,6,66,113,443,57398
2026-04-07T10:39:11.352256,172.21.12.17,20.50.201.206,6,54,128,57398,443
2026-04-07T10:39:11.352896,172.21.12.17,20.50.201.206,6,571,128,57398,443
2026-04-07T10:39:11.371174,20.50.201.206,172.21.12.17,6,153,113,443,57398
2026-04-07T10:39:11.371919,172.21.12.17,20.50.201.206,6,491,128,57398,443
2026-04-07T10:39:11.391735,172.21.12.17,172.21.12.1,17,92,128,0,0
2026-04-07T10:39:11.392712,172.21.12.17,172.21.12.1,17,92,128,0,0
2026-04-07T10:39:11.394887,172.21.12.17,52.168.117.170,6,172,128,55378,443
2026-04-07T10:39:11.395543,172.21.12.17,52.168.117.170,6,93,128,55378,443
2026-04-07T10:39:11.396223,172.21.12.17,52.168.117.170,6,4663,128,55378,443
2026-04-07T10:39:11.397259,172.21.12.1,172.21.12.17,17,257,58,0,0
2026-04-07T10:39:11.398250,172.21.12.1,172.21.12.17,17,215,58,0,0
2026-04-07T10:39:11.422420,20.50.201.206,172.21.12.17,6,1514,113,443,57398
2026-04-07T10:39:11.425115,20.50.201.206,172.21.12.17,6,1514,113,443,57398
2026-04-07T10:39:11.426331,20.50.201.206,172.21.12.17,6,1514,113,443,57398
2026-04-07T10:39:11.427044,172.21.12.17,20.50.201.206,6,54,128,57398,443
2026-04-07T10:39:11.427783,20.50.201.206,172.21.12.17,6,60,113,443,57398
2026-04-07T10:39:11.428312,172.21.12.17,20.50.201.206,6,54,128,57398,443
2026-04-07T10:39:11.429089,172.21.12.17,20.50.201.206,6,6252,128,57398,443
2026-04-07T10:39:11.438181,20.50.201.206,172.21.12.17,6,60,113,443,57398
2026-04-07T10:39:11.438813,20.50.201.206,172.21.12.17,6,60,113,443,57398
2026-04-07T10:39:11.476861,52.168.117.170,172.21.12.17,6,56,107,443,55378
2026-04-07T10:39:11.477666,52.168.117.170,172.21.12.17,6,56,107,443,55378
2026-04-07T10:39:11.478320,52.168.117.170,172.21.12.17,6,93,107,443,55378
2026-04-07T10:39:11.491191,20.50.201.206,172.21.12.17,6,157,113,443,57398
2026-04-07T10:39:11.525068,172.21.12.17,52.168.117.170,6,54,128,55378,443
2026-04-07T10:39:11.540485,172.21.12.17,20.50.201.206,6,54,128,57398,443
2026-04-07T10:39:11.610629,52.168.117.170,172.21.12.17,6,148,107,443,55378
2026-04-07T10:39:11.611619,172.21.12.17,52.168.117.170,6,89,128,55378,443
2026-04-07T10:39:11.735593,52.168.117.170,172.21.12.17,6,60,107,443,55378
2026-04-07T10:39:13.308681,172.21.13.39,224.0.0.251,2,56,1,0,0
2026-04-07T10:39:13.613588,172.21.13.178,224.0.0.251,2,56,1,0,0
2026-04-07T10:39:14.945829,172.21.13.62,224.0.0.251,2,56,1,0,0
2026-04-07T10:39:16.291544,150.171.27.16,172.21.12.17,6,56,115,443,60779
2026-04-07T10:39:17.095646,172.21.13.178,224.0.0.251,2,56,1,0,0
2026-04-07T10:39:17.504932,172.21.12.239,224.0.0.251,2,56,1,0,0
2026-04-07T10:39:17.915034,172.21.13.39,224.0.0.251,2,56,1,0,0
2026-04-07T10:39:17.953613,172.21.12.17,20.189.173.7,6,55,128,57377,443
2026-04-07T10:39:18.108721,20.189.173.7,172.21.12.17,6,66,107,443,57377
2026-04-07T10:39:18.604781,172.21.12.17,172.21.13.166,6,66,128,57399,7680
2026-04-07T10:39:18.605716,172.21.12.17,151.101.128.223,6,54,128,57387,443
2026-04-07T10:39:18.608273,151.101.128.223,172.21.12.17,6,56,59,443,57387
2026-04-07T10:39:18.609099,151.101.128.223,172.21.12.17,6,85,59,443,57387
2026-04-07T10:39:18.609692,151.101.128.223,172.21.12.17,6,56,59,443,57387
2026-04-07T10:39:18.610240,172.21.12.17,151.101.128.223,6,54,128,57387,443
2026-04-07T10:39:18.610739,172.21.12.17,151.101.128.223,6,54,128,57387,443
2026-04-07T10:39:18.611275,172.21.13.166,172.21.12.17,6,66,128,7680,57399
2026-04-07T10:39:18.611800,172.21.12.17,172.21.13.166,6,54,128,57399,7680
2026-04-07T10:39:18.612357,172.21.12.17,172.21.13.166,6,129,128,57399,7680
2026-04-07T10:39:18.667923,172.21.13.166,172.21.12.17,6,56,128,7680,57399
2026-04-07T10:39:18.751585,172.21.13.166,172.21.12.17,6,56,128,7680,57399
2026-04-07T10:39:18.752386,172.21.12.17,172.21.13.166,6,54,128,57399,7680
2026-04-07T10:39:18.753439,172.21.12.17,172.21.13.166,6,54,128,57399,7680
2026-04-07T10:39:18.756302,172.21.13.166,172.21.12.17,6,56,128,7680,57399
2026-04-07T10:39:19.041348,172.21.13.82,224.0.0.251,2,56,1,0,0
2026-04-07T10:39:19.349816,172.21.13.109,224.0.0.251,2,56,1,0,0
2026-04-07T10:39:19.704610,52.178.17.232,172.21.12.17,6,261,113,443,57388
2026-04-07T10:39:19.705501,172.21.12.17,52.178.17.232,6,54,128,57388,443
2026-04-07T10:39:19.706688,172.21.12.17,52.178.17.232,6,54,128,57388,443
2026-04-07T10:39:19.715483,52.178.17.232,172.21.12.17,6,56,113,443,57388
2026-04-07T10:39:20.884477,172.21.13.178,224.0.0.251,2,56,1,0,0
2026-04-07T10:39:22.319308,172.21.13.135,224.0.0.251,2,56,1,0,0
2026-04-07T10:39:23.444450,172.21.13.227,224.0.0.251,2,56,1,0,0
2026-04-07T10:39:24.509070,172.21.12.17,52.112.120.218,6,105,128,57608,443
2026-04-07T10:39:24.541759,52.112.120.218,172.21.12.17,6,94,43,443,57608
2026-04-07T10:39:24.596885,172.21.12.17,52.112.120.218,6,54,128,57608,443
2026-04-07T10:39:27.282778,172.21.12.17,172.21.13.106,6,66,128,57401,7680
2026-04-07T10:39:27.289754,172.21.13.106,172.21.12.17,6,66,128,7680,57401
2026-04-07T10:39:27.290499,172.21.12.17,172.21.13.106,6,54,128,57401,7680
2026-04-07T10:39:27.291041,172.21.12.17,172.21.13.106,6,129,128,57401,7680
2026-04-07T10:39:27.322616,172.21.13.106,172.21.12.17,6,56,128,7680,57401
2026-04-07T10:39:27.323320,172.21.12.17,172.21.13.106,6,54,128,57401,7680
2026-04-07T10:39:27.323808,172.21.12.17,172.21.13.106,6,54,128,57401,7680
2026-04-07T10:39:27.326832,172.21.13.106,172.21.12.17,6,56,128,7680,57401
2026-04-07T10:39:27.344894,172.21.14.12,224.0.0.251,2,56,1,0,0
2026-04-07T10:39:27.950505,172.21.13.117,224.0.0.251,2,56,1,0,0
2026-04-07T10:39:27.951682,172.21.13.135,224.0.0.251,2,56,1,0,0
2026-04-07T10:39:29.589020,172.21.13.126,224.0.0.251,2,56,1,0,0
2026-04-07T10:39:29.895331,172.21.12.250,224.0.0.251,2,56,1,0,0
2026-04-07T10:39:30.304625,172.21.13.119,224.0.0.251,2,56,1,0,0
2026-04-07T10:39:31.423917,172.21.12.17,64.233.167.188,6,55,128,58723,5228
2026-04-07T10:39:31.431208,64.233.167.188,172.21.12.17,6,66,123,5228,58723
2026-04-07T10:39:32.456449,172.21.13.90,224.0.0.251,2,56,1,0,0
2026-04-07T10:39:32.509140,172.21.12.17,216.239.38.120,17,71,128,0,0
2026-04-07T10:39:32.544336,172.21.12.17,216.239.38.120,17,71,128,0,0
2026-04-07T10:39:32.545914,216.239.38.120,172.21.12.17,17,68,60,0,0
2026-04-07T10:39:32.550332,216.239.38.120,172.21.12.17,17,69,60,0,0
2026-04-07T10:39:32.660389,172.21.12.9,224.0.0.251,2,46,1,0,0
2026-04-07T10:39:32.669327,172.21.14.10,224.0.0.251,2,56,1,0,0
2026-04-07T10:39:32.974721,172.21.13.253,224.0.0.251,2,56,1,0,0
2026-04-07T10:39:33.039525,52.178.17.232,172.21.12.17,6,574,113,443,57393
2026-04-07T10:39:33.040452,172.21.12.17,52.178.17.232,6,54,128,57393,443
2026-04-07T10:39:33.220021,172.21.12.17,52.178.17.232,6,1086,128,57393,443
2026-04-07T10:39:33.241578,52.178.17.232,172.21.12.17,6,56,113,443,57393
2026-04-07T10:39:33.242431,172.21.12.17,52.178.17.232,6,66,128,57402,443
2026-04-07T10:39:33.252663,52.178.17.232,172.21.12.17,6,66,113,443,57402
2026-04-07T10:39:33.253199,172.21.12.17,52.178.17.232,6,54,128,57402,443
2026-04-07T10:39:33.254126,172.21.12.17,52.178.17.232,6,611,128,57402,443
2026-04-07T10:39:33.296734,52.178.17.232,172.21.12.17,6,1514,113,443,57402
2026-04-07T10:39:33.297427,172.21.12.17,52.178.17.232,6,54,128,57402,443
2026-04-07T10:39:33.298318,52.178.17.232,172.21.12.17,6,1514,113,443,57402
2026-04-07T10:39:33.298959,52.178.17.232,172.21.12.17,6,1514,113,443,57402
2026-04-07T10:39:33.299489,172.21.12.17,52.178.17.232,6,54,128,57402,443
2026-04-07T10:39:33.300064,52.178.17.232,172.21.12.17,6,1514,113,443,57402
2026-04-07T10:39:33.300604,52.178.17.232,172.21.12.17,6,469,113,443,57402
2026-04-07T10:39:33.301147,172.21.12.17,52.178.17.232,6,54,128,57402,443
2026-04-07T10:39:33.301691,172.21.12.17,52.178.17.232,6,134,128,57402,443
2026-04-07T10:39:33.302246,172.21.12.17,52.178.17.232,6,1086,128,57402,443
2026-04-07T10:39:33.310171,52.178.17.232,172.21.12.17,6,60,113,443,57402
2026-04-07T10:39:33.310960,52.178.17.232,172.21.12.17,6,157,113,443,57402
2026-04-07T10:39:33.311525,172.21.12.17,52.178.17.232,6,54,128,57402,443
2026-04-07T10:39:33.316570,52.178.17.232,172.21.12.17,6,574,113,443,57402
2026-04-07T10:39:33.317103,172.21.12.17,52.178.17.232,6,54,128,57402,443
2026-04-07T10:39:33.684508,172.21.13.105,224.0.0.251,2,56,1,0,0
2026-04-07T10:39:33.899162,172.21.12.17,4.208.32.153,6,105,128,53325,443
2026-04-07T10:39:33.919368,4.208.32.153,172.21.12.17,6,94,49,443,53325
2026-04-07T10:39:33.970459,172.21.12.17,4.208.32.153,6,54,128,53325,443
2026-04-07T10:39:34.024613,52.107.242.172,172.21.12.17,6,271,117,443,56788
2026-04-07T10:39:34.070019,172.21.12.17,52.107.242.172,6,54,128,56788,443
2026-04-07T10:39:34.154127,52.107.242.172,172.21.12.17,6,481,117,443,56788
2026-04-07T10:39:34.202567,172.21.12.17,52.107.242.172,6,54,128,56788,443
2026-04-07T10:39:35.118157,172.21.13.128,224.0.0.251,2,56,1,0,0
2026-04-07T10:39:35.527608,172.21.14.12,224.0.0.251,2,56,1,0,0
2026-04-07T10:39:36.859944,172.21.12.210,224.0.0.251,2,56,1,0,0
2026-04-07T10:39:37.267856,172.21.12.242,224.0.0.251,2,56,1,0,0
2026-04-07T10:39:37.986026,172.21.13.131,224.0.0.251,2,56,1,0,0
2026-04-07T10:39:38.054547,172.21.12.17,52.112.126.36,6,111,128,57580,443
2026-04-07T10:39:38.063977,52.112.126.36,172.21.12.17,6,100,50,443,57580
2026-04-07T10:39:38.087665,172.21.13.165,224.0.0.251,2,56,1,0,0
2026-04-07T10:39:38.106490,172.21.12.17,52.112.126.36,6,54,128,57580,443
2026-04-07T10:39:39.037811,172.21.12.17,151.101.128.223,6,54,128,57397,443
2026-04-07T10:39:39.040480,151.101.128.223,172.21.12.17,6,56,59,443,57397
2026-04-07T10:39:39.041309,151.101.128.223,172.21.12.17,6,85,59,443,57397
2026-04-07T10:39:39.041909,151.101.128.223,172.21.12.17,6,56,59,443,57397
2026-04-07T10:39:39.042630,172.21.12.17,151.101.128.223,6,54,128,57397,443
2026-04-07T10:39:39.043223,172.21.12.17,151.101.128.223,6,54,128,57397,443
2026-04-07T10:39:40.442239,172.21.13.126,224.0.0.251,2,56,1,0,0
2026-04-07T10:39:40.555688,20.50.201.206,172.21.12.17,6,520,113,443,57398
2026-04-07T10:39:40.556445,172.21.12.17,20.50.201.206,6,54,128,57398,443
2026-04-07T10:39:40.557132,172.21.12.17,20.50.201.206,6,78,128,57398,443
2026-04-07T10:39:40.557854,172.21.12.17,20.50.201.206,6,54,128,57398,443
2026-04-07T10:39:40.567653,20.50.201.206,172.21.12.17,6,56,113,443,57398
2026-04-07T10:39:40.684271,13.107.226.42,172.21.12.17,6,93,51,443,53496
2026-04-07T10:39:40.685128,172.21.12.17,13.107.226.42,6,54,128,53496,443
2026-04-07T10:39:40.685928,13.107.226.42,172.21.12.17,6,78,51,443,53496
2026-04-07T10:39:40.686765,13.107.226.42,172.21.12.17,6,56,51,443,53496
2026-04-07T10:39:40.687301,172.21.12.17,13.107.226.42,6,54,128,53496,443
2026-04-07T10:39:40.687821,172.21.12.17,13.107.226.42,6,54,128,53496,443
2026-04-07T10:39:40.688397,13.107.226.42,172.21.12.17,6,56,51,443,53496
2026-04-07T10:39:40.688920,172.21.12.17,13.107.226.42,6,54,128,53496,443
2026-04-07T10:39:41.353713,150.171.110.117,172.21.12.17,6,93,53,443,52867
2026-04-07T10:39:41.354842,150.171.110.117,172.21.12.17,6,78,53,443,52867
2026-04-07T10:39:41.356356,150.171.110.117,172.21.12.17,6,56,53,443,52867
2026-04-07T10:39:41.357684,172.21.12.17,150.171.110.117,6,54,128,52867,443
2026-04-07T10:39:41.358378,172.21.12.17,150.171.110.117,6,54,128,52867,443
2026-04-07T10:39:41.358938,150.171.110.117,172.21.12.17,6,56,53,443,52867
2026-04-07T10:39:42.900886,172.21.13.109,224.0.0.251,2,56,1,0,0
2026-04-07T10:39:43.002650,172.21.13.21,224.0.0.251,2,56,1,0,0
2026-04-07T10:39:44.231988,172.21.12.239,224.0.0.251,2,56,1,0,0
2026-04-07T10:39:44.948327,172.21.12.217,224.0.0.251,2,56,1,0,0
2026-04-07T10:39:45.767273,172.21.13.39,224.0.0.251,2,56,1,0,0
2026-04-07T10:39:46.178984,172.21.14.10,224.0.0.251,2,56,1,0,0
2026-04-07T10:39:47.203234,172.21.13.47,224.0.0.251,2,56,1,0,0
2026-04-07T10:39:47.314119,172.21.12.242,224.0.0.251,2,56,1,0,0
2026-04-07T10:39:48.634881,172.21.13.135,224.0.0.251,2,56,1,0,0
2026-04-07T10:39:49.146861,172.21.13.160,224.0.0.251,2,56,1,0,0
2026-04-07T10:39:49.148182,172.21.13.151,224.0.0.251,2,56,1,0,0
2026-04-07T10:39:51.606923,172.21.13.55,224.0.0.251,2,56,1,0,0
2026-04-07T10:39:54.573910,172.21.13.234,224.0.0.251,2,56,1,0,0
2026-04-07T10:39:54.675871,172.21.13.135,224.0.0.251,2,56,1,0,0
2026-04-07T10:39:55.597972,172.21.13.178,224.0.0.251,2,56,1,0,0
2026-04-07T10:39:56.724269,172.21.12.214,224.0.0.251,2,56,1,0,0
2026-04-07T10:39:56.736539,172.21.12.17,52.168.117.170,6,55,128,55378,443
2026-04-07T10:39:56.840229,52.168.117.170,172.21.12.17,6,66,107,443,55378
2026-04-07T10:39:58.568083,172.21.13.128,224.0.0.251,2,56,1,0,0
2026-04-07T10:39:58.610080,172.21.12.17,172.21.13.166,6,66,128,57403,7680
2026-04-07T10:39:58.615919,172.21.13.166,172.21.12.17,6,66,128,7680,57403
2026-04-07T10:39:58.616494,172.21.12.17,172.21.13.166,6,54,128,57403,7680
2026-04-07T10:39:58.617388,172.21.12.17,172.21.13.166,6,129,128,57403,7680
2026-04-07T10:39:58.630430,172.21.13.166,172.21.12.17,6,56,128,7680,57403
2026-04-07T10:39:58.631149,172.21.12.17,172.21.13.166,6,54,128,57403,7680
2026-04-07T10:39:58.631788,172.21.12.17,172.21.13.166,6,54,128,57403,7680
2026-04-07T10:39:58.637574,172.21.13.166,172.21.12.17,6,56,128,7680,57403
2026-04-07T10:39:59.518953,172.21.12.17,216.239.38.120,17,71,128,0,0
2026-04-07T10:39:59.557721,172.21.12.17,216.239.38.120,17,71,128,0,0
2026-04-07T10:39:59.567541,216.239.38.120,172.21.12.17,17,69,60,0,0
2026-04-07T10:39:59.593879,52.107.242.172,172.21.12.17,6,79,117,443,56788
2026-04-07T10:39:59.594799,172.21.12.17,52.107.242.172,6,83,128,56788,443
2026-04-07T10:39:59.609575,216.239.38.120,172.21.12.17,17,71,60,0,0
2026-04-07T10:39:59.624575,52.107.242.172,172.21.12.17,6,56,117,443,56788
2026-04-07T10:40:00.029009,172.21.12.17,172.21.13.204,6,66,128,57404,7680
2026-04-07T10:40:01.035262,172.21.12.17,172.21.13.204,6,66,128,57404,7680
2026-04-07T10:40:01.639581,172.21.13.202,224.0.0.251,2,56,1,0,0
2026-04-07T10:40:01.844403,172.21.13.125,224.0.0.251,2,56,1,0,0
2026-04-07T10:40:03.050866,172.21.12.17,172.21.13.204,6,66,128,57404,7680
2026-04-07T10:40:03.073196,172.21.13.227,224.0.0.251,2,56,1,0,0
2026-04-07T10:40:03.123110,172.21.12.17,20.189.173.7,6,55,128,57377,443
2026-04-07T10:40:03.277283,20.189.173.7,172.21.12.17,6,66,107,443,57377
2026-04-07T10:40:03.687760,172.21.13.178,224.0.0.251,2,56,1,0,0
2026-04-07T10:40:04.510061,172.21.12.17,52.112.120.218,6,105,128,57608,443
2026-04-07T10:40:04.540938,52.112.120.218,172.21.12.17,6,94,43,443,57608
2026-04-07T10:40:04.581935,172.21.12.17,52.112.120.218,6,54,128,57608,443
2026-04-07T10:40:05.633034,172.21.13.105,224.0.0.251,2,56,1,0,0
2026-04-07T10:40:07.060453,172.21.12.17,172.21.13.204,6,66,128,57404,7680
2026-04-07T10:40:07.290774,172.21.12.17,172.21.14.14,6,66,128,57405,7680
2026-04-07T10:40:07.783969,172.21.13.178,224.0.0.251,2,56,1,0,0
2026-04-07T10:40:08.296346,172.21.12.17,172.21.14.14,6,66,128,57405,7680
2026-04-07T10:40:08.705032,172.21.13.117,224.0.0.251,2,56,1,0,0
2026-04-07T10:40:10.298099,172.21.12.17,172.21.14.14,6,66,128,57405,7680
2026-04-07T10:40:12.076585,172.21.12.17,172.21.12.1,17,92,128,0,0
2026-04-07T10:40:12.077576,172.21.12.17,172.21.12.1,17,92,128,0,0
2026-04-07T10:40:12.079128,172.21.12.17,52.168.117.170,6,166,128,55378,443
2026-04-07T10:40:12.080609,172.21.12.17,52.168.117.170,6,93,128,55378,443
2026-04-07T10:40:12.081444,172.21.12.17,52.168.117.170,6,2457,128,55378,443
2026-04-07T10:40:12.086509,172.21.12.1,172.21.12.17,17,257,58,0,0
2026-04-07T10:40:12.091142,172.21.12.1,172.21.12.17,17,215,58,0,0
2026-04-07T10:40:12.174230,52.168.117.170,172.21.12.17,6,56,107,443,55378
2026-04-07T10:40:12.175005,52.168.117.170,172.21.12.17,6,56,107,443,55378
2026-04-07T10:40:12.176369,52.168.117.170,172.21.12.17,6,93,107,443,55378
2026-04-07T10:40:12.227053,172.21.12.17,52.168.117.170,6,54,128,55378,443
2026-04-07T10:40:12.311421,52.168.117.170,172.21.12.17,6,152,107,443,55378
2026-04-07T10:40:12.312299,172.21.12.17,52.168.117.170,6,89,128,55378,443
2026-04-07T10:40:12.553731,52.168.117.170,172.21.12.17,6,60,107,443,55378
2026-04-07T10:40:12.595632,172.21.13.23,224.0.0.251,2,56,1,0,0
2026-04-07T10:40:13.005986,172.21.12.9,224.0.0.251,2,46,1,0,0
2026-04-07T10:40:13.107535,172.21.14.10,224.0.0.251,2,56,1,0,0
2026-04-07T10:40:13.108744,172.21.12.229,224.0.0.251,2,56,1,0,0
2026-04-07T10:40:13.438116,172.21.12.17,20.50.80.212,6,54,128,52868,443
2026-04-07T10:40:13.464539,20.50.80.212,172.21.12.17,6,56,114,443,52868
2026-04-07T10:40:13.465261,172.21.12.17,20.50.80.212,6,54,128,52868,443
2026-04-07T10:40:13.890756,172.21.12.17,4.208.32.153,6,105,128,53325,443
2026-04-07T10:40:13.909668,4.208.32.153,172.21.12.17,6,94,49,443,53325
2026-04-07T10:40:13.956330,172.21.12.17,4.208.32.153,6,54,128,53325,443
2026-04-07T10:40:14.313162,172.21.12.17,172.21.14.14,6,66,128,57405,7680
2026-04-07T10:40:14.346150,172.21.13.135,224.0.0.251,2,56,1,0,0
2026-04-07T10:40:14.439615,172.21.13.57,224.0.0.251,2,56,1,0,0
2026-04-07T10:40:15.068555,172.21.12.17,172.21.13.204,6,66,128,57404,7680
2026-04-07T10:40:16.180274,172.21.12.242,224.0.0.251,2,56,1,0,0
2026-04-07T10:40:16.181340,172.21.12.239,224.0.0.251,2,56,1,0,0
2026-04-07T10:40:16.432829,172.21.12.17,64.233.167.188,6,55,128,58723,5228
2026-04-07T10:40:16.444287,64.233.167.188,172.21.12.17,6,66,123,5228,58723
2026-04-07T10:40:16.796690,172.21.13.86,224.0.0.251,2,56,1,0,0
2026-04-07T10:40:16.896444,172.21.13.184,224.0.0.251,2,56,1,0,0
2026-04-07T10:40:19.149927,172.21.13.115,224.0.0.251,2,56,1,0,0
2026-04-07T10:40:20.072864,172.21.13.178,224.0.0.251,2,56,1,0,0
2026-04-07T10:40:20.378044,172.21.12.214,224.0.0.251,2,56,1,0,0
2026-04-07T10:40:20.481329,172.21.13.135,224.0.0.251,2,56,1,0,0
2026-04-07T10:40:20.890128,172.21.13.125,224.0.0.251,2,56,1,0,0
2026-04-07T10:40:21.402254,172.21.14.35,224.0.0.251,2,56,1,0,0
2026-04-07T10:40:22.316265,172.21.12.17,172.21.14.14,6,66,128,57405,7680
2026-04-07T10:40:22.631394,172.21.13.129,224.0.0.251,2,56,1,0,0
2026-04-07T10:40:23.451019,172.21.13.148,224.0.0.251,2,56,1,0,0
2026-04-07T10:40:24.474019,172.21.13.109,224.0.0.251,2,56,1,0,0
2026-04-07T10:40:26.531534,172.21.12.17,216.239.38.120,17,71,128,0,0
2026-04-07T10:40:26.537869,216.239.38.120,172.21.12.17,17,71,60,0,0
2026-04-07T10:40:28.877534,172.21.13.90,224.0.0.251,2,56,1,0,0
2026-04-07T10:40:29.799680,172.21.13.115,224.0.0.251,2,56,1,0,0
2026-04-07T10:40:29.901008,172.21.13.82,224.0.0.251,2,56,1,0,0
2026-04-07T10:40:30.005366,172.21.12.219,224.0.0.251,2,56,1,0,0
2026-04-07T10:40:30.516278,172.21.13.109,224.0.0.251,2,56,1,0,0
2026-04-07T10:40:31.541205,172.21.13.135,224.0.0.251,2,56,1,0,0
2026-04-07T10:40:33.074701,172.21.12.17,52.112.126.36,6,111,128,57580,443
2026-04-07T10:40:33.079397,52.112.126.36,172.21.12.17,6,100,50,443,57580
2026-04-07T10:40:33.133318,172.21.12.17,52.112.126.36,6,54,128,57580,443
2026-04-07T10:40:33.177787,172.21.14.10,224.0.0.251,2,56,1,0,0
2026-04-07T10:40:35.021634,172.21.14.12,224.0.0.251,2,56,1,0,0
2026-04-07T10:40:35.943470,172.21.14.35,224.0.0.251,2,56,1,0,0
2026-04-07T10:40:36.615041,20.189.173.7,172.21.12.17,6,56,107,443,57377
2026-04-07T10:40:36.967233,172.21.13.82,224.0.0.251,2,56,1,0,0
2026-04-07T10:40:38.504962,172.21.13.44,224.0.0.251,2,56,1,0,0
2026-04-07T10:40:38.621863,172.21.12.17,172.21.13.166,6,66,128,57406,7680
2026-04-07T10:40:38.632565,172.21.13.166,172.21.12.17,6,66,128,7680,57406
2026-04-07T10:40:38.633294,172.21.12.17,172.21.13.166,6,54,128,57406,7680
2026-04-07T10:40:38.633932,172.21.12.17,172.21.13.166,6,129,128,57406,7680
2026-04-07T10:40:38.642516,172.21.13.166,172.21.12.17,6,56,128,7680,57406
2026-04-07T10:40:38.643067,172.21.12.17,172.21.13.166,6,54,128,57406,7680
2026-04-07T10:40:38.643612,172.21.12.17,172.21.13.166,6,54,128,57406,7680
2026-04-07T10:40:38.668500,172.21.13.166,172.21.12.17,6,56,128,7680,57406
2026-04-07T10:40:40.033842,172.21.12.17,172.21.13.210,6,66,128,57407,7680
2026-04-07T10:40:40.653653,172.21.13.125,224.0.0.251,2,56,1,0,0
2026-04-07T10:40:40.965882,172.21.12.242,224.0.0.251,2,56,1,0,0
2026-04-07T10:40:40.970999,172.21.14.35,224.0.0.251,2,56,1,0,0
2026-04-07T10:40:41.046086,172.21.12.17,172.21.13.210,6,66,128,57407,7680
2026-04-07T10:40:42.908294,172.21.13.148,224.0.0.251,2,56,1,0,0
2026-04-07T10:40:43.047446,172.21.12.17,172.21.13.210,6,66,128,57407,7680
2026-04-07T10:40:44.134906,172.21.13.213,224.0.0.251,2,56,1,0,0
2026-04-07T10:40:44.136168,172.21.13.173,224.0.0.251,2,56,1,0,0
2026-04-07T10:40:44.502201,172.21.12.17,52.112.120.218,6,105,128,57608,443
2026-04-07T10:40:44.533270,52.112.120.218,172.21.12.17,6,94,43,443,57608
2026-04-07T10:40:44.585960,172.21.12.17,52.112.120.218,6,54,128,57608,443
2026-04-07T10:40:44.634542,172.21.12.17,52.107.242.172,6,55,128,56788,443
2026-04-07T10:40:44.637098,52.107.242.172,172.21.12.17,6,66,116,443,56788
2026-04-07T10:40:45.879946,172.21.12.17,2.20.169.205,6,54,128,57386,443
2026-04-07T10:40:45.880895,172.21.12.17,2.20.169.205,6,54,128,57384,443
2026-04-07T10:40:46.011204,2.20.169.205,172.21.12.17,6,85,56,443,57384
2026-04-07T10:40:46.012179,172.21.12.17,2.20.169.205,6,54,128,57384,443
2026-04-07T10:40:46.012991,2.20.169.205,172.21.12.17,6,56,56,443,57384
2026-04-07T10:40:46.013579,172.21.12.17,2.20.169.205,6,54,128,57384,443
2026-04-07T10:40:46.014874,2.20.169.205,172.21.12.17,6,85,53,443,57386
2026-04-07T10:40:46.015398,172.21.12.17,2.20.169.205,6,54,128,57386,443
2026-04-07T10:40:46.015916,2.20.169.205,172.21.12.17,6,56,53,443,57386
2026-04-07T10:40:46.016425,172.21.12.17,2.20.169.205,6,54,128,57386,443
2026-04-07T10:40:47.056429,172.21.12.17,172.21.13.210,6,66,128,57407,7680
2026-04-07T10:40:47.304430,172.21.12.17,172.21.14.15,6,66,128,57408,7680
2026-04-07T10:40:47.312372,172.21.14.15,172.21.12.17,6,66,128,7680,57408
2026-04-07T10:40:47.312947,172.21.12.17,172.21.14.15,6,54,128,57408,7680
2026-04-07T10:40:47.313569,172.21.12.17,172.21.14.15,6,129,128,57408,7680
2026-04-07T10:40:47.352269,172.21.14.15,172.21.12.17,6,56,128,7680,57408
2026-04-07T10:40:47.352990,172.21.12.17,172.21.14.15,6,54,128,57408,7680
2026-04-07T10:40:47.353530,172.21.12.17,172.21.14.15,6,54,128,57408,7680
2026-04-07T10:40:47.357050,172.21.14.15,172.21.12.17,6,56,128,7680,57408
2026-04-07T10:40:48.647474,172.21.12.17,172.21.12.1,17,87,128,0,0
2026-04-07T10:40:48.648612,172.21.12.17,172.21.12.1,17,87,128,0,0
2026-04-07T10:40:48.651750,172.21.12.1,172.21.12.17,17,144,58,0,0
2026-04-07T10:40:48.652638,172.21.12.1,172.21.12.17,17,103,58,0,0
2026-04-07T10:40:48.653276,172.21.12.17,74.125.206.95,17,1292,128,0,0
2026-04-07T10:40:48.653885,172.21.12.17,74.125.206.95,17,1292,128,0,0
2026-04-07T10:40:48.654429,172.21.12.17,74.125.206.95,17,1292,128,0,0
2026-04-07T10:40:48.655002,172.21.12.17,74.125.206.95,17,121,128,0,0
2026-04-07T10:40:48.655624,172.21.12.17,74.125.206.95,17,958,128,0,0
2026-04-07T10:40:48.659661,74.125.206.95,172.21.12.17,17,82,60,0,0
2026-04-07T10:40:48.660213,74.125.206.95,172.21.12.17,17,82,60,0,0
2026-04-07T10:40:48.660804,74.125.206.95,172.21.12.17,17,1292,60,0,0
2026-04-07T10:40:48.661384,74.125.206.95,172.21.12.17,17,1292,60,0,0
2026-04-07T10:40:48.661980,74.125.206.95,172.21.12.17,17,1292,60,0,0
2026-04-07T10:40:48.662554,74.125.206.95,172.21.12.17,17,1292,60,0,0
2026-04-07T10:40:48.663206,74.125.206.95,172.21.12.17,17,1292,60,0,0
2026-04-07T10:40:48.663747,172.21.12.17,74.125.206.95,17,81,128,0,0
2026-04-07T10:40:48.664369,74.125.206.95,172.21.12.17,17,1292,60,0,0
2026-04-07T10:40:48.664936,74.125.206.95,172.21.12.17,17,201,60,0,0
2026-04-07T10:40:48.665607,172.21.12.17,74.125.206.95,17,1085,128,0,0
2026-04-07T10:40:48.668719,74.125.206.95,172.21.12.17,17,1010,60,0,0
2026-04-07T10:40:48.669346,74.125.206.95,172.21.12.17,17,163,60,0,0
2026-04-07T10:40:48.669892,172.21.12.17,74.125.206.95,17,74,128,0,0
2026-04-07T10:40:48.670442,74.125.206.95,172.21.12.17,17,248,60,0,0
2026-04-07T10:40:48.671018,74.125.206.95,172.21.12.17,17,1288,60,0,0
2026-04-07T10:40:48.671576,172.21.12.17,74.125.206.95,17,77,128,0,0
2026-04-07T10:40:48.672190,74.125.206.95,172.21.12.17,17,995,60,0,0
2026-04-07T10:40:48.708588,74.125.206.95,172.21.12.17,17,66,60,0,0
2026-04-07T10:40:48.709498,172.21.12.17,74.125.206.95,17,73,128,0,0
2026-04-07T10:40:48.710091,74.125.206.95,172.21.12.17,17,995,60,0,0
2026-04-07T10:40:48.710644,172.21.12.17,74.125.206.95,17,75,128,0,0
2026-04-07T10:40:49.357424,172.21.14.19,224.0.0.251,2,56,1,0,0
2026-04-07T10:40:50.074591,172.21.12.226,224.0.0.251,2,56,1,0,0
2026-04-07T10:40:53.044823,172.21.13.48,224.0.0.251,2,56,1,0,0
2026-04-07T10:40:53.546127,172.21.12.17,216.239.38.120,17,71,128,0,0
2026-04-07T10:40:53.555758,216.239.38.120,172.21.12.17,17,71,60,0,0
2026-04-07T10:40:53.904704,172.21.12.17,4.208.32.153,6,105,128,53325,443
2026-04-07T10:40:53.923987,4.208.32.153,172.21.12.17,6,94,49,443,53325
2026-04-07T10:40:53.976773,172.21.12.17,4.208.32.153,6,54,128,53325,443
2026-04-07T10:40:54.629910,52.107.242.172,172.21.12.17,6,79,117,443,56788
2026-04-07T10:40:54.630970,172.21.12.17,52.107.242.172,6,83,128,56788,443
2026-04-07T10:40:54.650967,52.107.242.172,172.21.12.17,6,56,117,443,56788
2026-04-07T10:40:54.682123,172.21.14.10,224.0.0.251,2,56,1,0,0
2026-04-07T10:40:55.070469,172.21.12.17,172.21.13.210,6,66,128,57407,7680
2026-04-07T10:40:55.809677,172.21.13.165,224.0.0.251,2,56,1,0,0
2026-04-07T10:40:57.562736,172.21.12.17,52.168.117.170,6,55,128,55378,443
2026-04-07T10:40:57.655597,52.168.117.170,172.21.12.17,6,66,107,443,55378
2026-04-07T11:07:46.244345,172.21.13.202,224.0.0.251,2,56,1,0,0
2026-04-07T11:07:46.651057,172.21.12.17,52.168.117.170,6,167,128,55378,443
2026-04-07T11:07:46.652070,172.21.12.17,52.168.117.170,6,93,128,55378,443
2026-04-07T11:07:46.653239,172.21.12.17,52.168.117.170,6,4530,128,55378,443
2026-04-07T11:07:46.739198,52.168.117.170,172.21.12.17,6,56,109,443,55378
2026-04-07T11:07:46.740085,52.168.117.170,172.21.12.17,6,56,109,443,55378
2026-04-07T11:07:46.741077,52.168.117.170,172.21.12.17,6,56,109,443,55378
2026-04-07T11:07:46.741785,52.168.117.170,172.21.12.17,6,93,109,443,55378
2026-04-07T11:07:46.788389,172.21.12.17,52.168.117.170,6,54,128,55378,443
2026-04-07T11:07:46.875103,52.168.117.170,172.21.12.17,6,149,109,443,55378
2026-04-07T11:07:46.875961,172.21.12.17,52.168.117.170,6,89,128,55378,443
2026-04-07T11:07:47.013060,52.168.117.170,172.21.12.17,6,60,109,443,55378
2026-04-07T11:07:47.270304,172.21.12.17,20.50.73.10,6,55,128,63534,443
2026-04-07T11:07:47.288683,20.50.73.10,172.21.12.17,6,66,114,443,63534
2026-04-07T11:07:47.779928,172.21.12.242,224.0.0.251,2,56,1,0,0
2026-04-07T11:07:49.521511,172.21.13.184,224.0.0.251,2,56,1,0,0
2026-04-07T11:07:49.522687,172.21.15.18,224.0.0.251,2,56,1,0,0
2026-04-07T11:07:50.033133,172.21.13.29,224.0.0.251,2,56,1,0,0
2026-04-07T11:07:53.310093,172.21.13.39,224.0.0.251,2,56,1,0,0
2026-04-07T11:07:55.463755,172.21.13.25,224.0.0.251,2,56,1,0,0
2026-04-07T11:07:55.560743,172.21.12.17,172.21.12.1,17,94,128,0,0
2026-04-07T11:07:55.561809,172.21.12.17,172.21.12.1,17,94,128,0,0
2026-04-07T11:07:55.562726,172.21.12.17,20.50.73.10,6,195,128,63534,443
2026-04-07T11:07:55.563425,172.21.12.17,20.50.73.10,6,93,128,63534,443
2026-04-07T11:07:55.564133,172.21.12.17,20.50.73.10,6,3119,128,63534,443
2026-04-07T11:07:55.567877,172.21.12.1,172.21.12.17,17,260,58,0,0
2026-04-07T11:07:55.569007,172.21.12.1,172.21.12.17,17,214,58,0,0
2026-04-07T11:07:55.589685,20.50.73.10,172.21.12.17,6,56,114,443,63534
2026-04-07T11:07:55.590427,20.50.73.10,172.21.12.17,6,60,114,443,63534
2026-04-07T11:07:55.594840,20.50.73.10,172.21.12.17,6,93,114,443,63534
2026-04-07T11:07:55.651545,172.21.12.17,20.50.73.10,6,54,128,63534,443
2026-04-07T11:07:55.683751,20.50.73.10,172.21.12.17,6,152,114,443,63534
2026-04-07T11:07:55.684586,172.21.12.17,20.50.73.10,6,89,128,63534,443
2026-04-07T11:07:55.749799,20.50.73.10,172.21.12.17,6,60,114,443,63534
2026-04-07T11:07:56.280126,172.21.13.109,224.0.0.251,2,56,1,0,0
2026-04-07T11:07:56.381849,172.21.13.129,224.0.0.251,2,56,1,0,0
2026-04-07T11:07:56.483791,172.21.12.219,224.0.0.251,2,56,1,0,0
2026-04-07T11:07:57.099922,172.21.13.119,224.0.0.251,2,56,1,0,0
2026-04-07T11:07:57.712820,172.21.13.39,224.0.0.251,2,56,1,0,0
2026-04-07T11:07:58.225346,172.21.13.98,224.0.0.251,2,56,1,0,0
2026-04-07T11:07:58.839952,172.21.13.90,224.0.0.251,2,56,1,0,0
2026-04-07T11:08:00.273239,172.21.13.115,224.0.0.251,2,56,1,0,0
2026-04-07T11:08:00.453253,172.21.12.17,172.21.14.14,6,66,128,55826,7680
2026-04-07T11:08:00.470078,172.21.14.14,172.21.12.17,6,66,128,7680,55826
2026-04-07T11:08:00.470846,172.21.12.17,172.21.14.14,6,54,128,55826,7680
2026-04-07T11:08:00.472315,172.21.12.17,172.21.14.14,6,129,128,55826,7680
2026-04-07T11:08:00.477138,172.21.14.14,172.21.12.17,6,56,128,7680,55826
2026-04-07T11:08:00.477673,172.21.12.17,172.21.14.14,6,54,128,55826,7680
2026-04-07T11:08:00.478261,172.21.12.17,172.21.14.14,6,54,128,55826,7680
2026-04-07T11:08:00.481507,172.21.14.14,172.21.12.17,6,56,128,7680,55826
2026-04-07T11:08:01.399635,172.21.13.160,224.0.0.251,2,56,1,0,0
2026-04-07T11:08:02.832832,172.21.12.219,224.0.0.251,2,56,1,0,0
2026-04-07T11:08:03.755974,172.21.12.250,224.0.0.251,2,56,1,0,0
2026-04-07T11:08:03.850097,172.21.12.17,52.112.126.36,6,112,128,57580,443
2026-04-07T11:08:03.856528,52.112.126.36,172.21.12.17,6,56,50,443,57580
2026-04-07T11:08:03.857238,52.112.126.36,172.21.12.17,6,101,50,443,57580
2026-04-07T11:08:03.900352,172.21.12.17,52.112.126.36,6,54,128,57580,443
2026-04-07T11:08:03.959024,172.21.12.249,224.0.0.251,2,56,1,0,0
2026-04-07T11:08:04.504930,172.21.12.17,52.112.120.218,6,105,128,57608,443
2026-04-07T11:08:04.537978,52.112.120.218,172.21.12.17,6,94,45,443,57608
2026-04-07T11:08:04.593252,172.21.12.17,52.112.120.218,6,54,128,57608,443
2026-04-07T11:08:04.677079,172.21.13.184,224.0.0.251,2,56,1,0,0
2026-04-07T11:08:04.880761,172.21.12.239,224.0.0.251,2,56,1,0,0
2026-04-07T11:08:04.984463,172.21.13.29,224.0.0.251,2,56,1,0,0
2026-04-07T11:08:05.187943,172.21.12.201,224.0.0.251,2,56,1,0,0
2026-04-07T11:08:05.291415,172.21.13.98,224.0.0.251,2,56,1,0,0
2026-04-07T11:08:05.905336,172.21.13.130,224.0.0.251,2,56,1,0,0
2026-04-07T11:08:07.236375,172.21.13.21,224.0.0.251,2,56,1,0,0
2026-04-07T11:08:07.441366,172.21.14.9,224.0.0.251,2,56,1,0,0
2026-04-07T11:08:07.647034,172.21.12.17,172.21.14.15,6,66,128,55827,7680
2026-04-07T11:08:08.567130,172.21.13.39,224.0.0.251,2,56,1,0,0
2026-04-07T11:08:08.652163,172.21.12.17,172.21.14.15,6,66,128,55827,7680
2026-04-07T11:08:08.884602,172.21.13.123,224.0.0.251,2,56,1,0,0
2026-04-07T11:08:08.977618,172.21.13.44,224.0.0.251,2,56,1,0,0
2026-04-07T11:08:09.467234,172.21.12.17,216.239.38.120,17,71,128,0,0
2026-04-07T11:08:09.488525,172.21.13.120,224.0.0.251,2,56,1,0,0
2026-04-07T11:08:09.499003,216.239.38.120,172.21.12.17,17,68,60,0,0
2026-04-07T11:08:10.205932,172.21.12.239,224.0.0.251,2,56,1,0,0
2026-04-07T11:08:10.663936,172.21.12.17,172.21.14.15,6,66,128,55827,7680
2026-04-07T11:08:11.741848,172.21.13.118,224.0.0.251,2,56,1,0,0
2026-04-07T11:08:11.844209,172.21.13.147,224.0.0.251,2,56,1,0,0
2026-04-07T11:08:12.048796,172.21.13.48,224.0.0.251,2,56,1,0,0
2026-04-07T11:08:12.169950,172.21.12.17,172.21.12.1,17,79,128,0,0
2026-04-07T11:08:12.170909,172.21.12.17,172.21.12.1,17,79,128,0,0
2026-04-07T11:08:12.175951,172.21.12.1,172.21.12.17,17,148,58,0,0
2026-04-07T11:08:12.178051,172.21.12.1,172.21.12.17,17,242,58,0,0
2026-04-07T11:08:12.178617,172.21.12.17,13.107.226.42,6,66,128,50147,443
2026-04-07T11:08:12.180733,13.107.226.42,172.21.12.17,6,66,51,443,50147
2026-04-07T11:08:12.181232,172.21.12.17,13.107.226.42,6,54,128,50147,443
2026-04-07T11:08:12.181880,172.21.12.17,13.107.226.42,6,2182,128,50147,443
2026-04-07T11:08:12.185108,13.107.226.42,172.21.12.17,6,60,51,443,50147
2026-04-07T11:08:12.185761,13.107.226.42,172.21.12.17,6,153,51,443,50147
2026-04-07T11:08:12.186401,172.21.12.17,13.107.226.42,6,996,128,50147,443
2026-04-07T11:08:12.192162,13.107.226.42,172.21.12.17,6,335,51,443,50147
2026-04-07T11:08:12.192813,172.21.12.17,13.107.226.42,6,128,128,50147,443
2026-04-07T11:08:12.193340,172.21.12.17,13.107.226.42,6,146,128,50147,443
2026-04-07T11:08:12.193893,172.21.12.17,13.107.226.42,6,327,128,50147,443
2026-04-07T11:08:12.196227,13.107.226.42,172.21.12.17,6,116,51,443,50147
2026-04-07T11:08:12.196770,172.21.12.17,13.107.226.42,6,85,128,50147,443
2026-04-07T11:08:12.197341,13.107.226.42,172.21.12.17,6,60,51,443,50147
2026-04-07T11:08:12.197903,13.107.226.42,172.21.12.17,6,85,51,443,50147
2026-04-07T11:08:12.212017,13.107.226.42,172.21.12.17,6,1514,51,443,50147
2026-04-07T11:08:12.212674,172.21.12.17,13.107.226.42,6,54,128,50147,443
2026-04-07T11:08:12.214802,13.107.226.42,172.21.12.17,6,1514,51,443,50147
2026-04-07T11:08:12.215406,13.107.226.42,172.21.12.17,6,1514,51,443,50147
2026-04-07T11:08:12.215936,13.107.226.42,172.21.12.17,6,1514,51,443,50147
2026-04-07T11:08:12.216489,13.107.226.42,172.21.12.17,6,1514,51,443,50147
2026-04-07T11:08:12.217025,13.107.226.42,172.21.12.17,6,1514,51,443,50147
2026-04-07T11:08:12.217611,13.107.226.42,172.21.12.17,6,1514,51,443,50147
2026-04-07T11:08:12.218144,13.107.226.42,172.21.12.17,6,1514,51,443,50147
2026-04-07T11:08:12.218752,13.107.226.42,172.21.12.17,6,1514,51,443,50147
2026-04-07T11:08:12.219338,13.107.226.42,172.21.12.17,6,1514,51,443,50147
2026-04-07T11:08:12.220002,13.107.226.42,172.21.12.17,6,1514,51,443,50147
2026-04-07T11:08:12.220581,172.21.12.17,13.107.226.42,6,54,128,50147,443
2026-04-07T11:08:12.221115,13.107.226.42,172.21.12.17,6,400,51,443,50147
2026-04-07T11:08:12.222043,13.107.226.42,172.21.12.17,6,1514,51,443,50147
2026-04-07T11:08:12.222629,172.21.12.17,13.107.226.42,6,54,128,50147,443
2026-04-07T11:08:12.226917,13.107.226.42,172.21.12.17,6,1514,51,443,50147
2026-04-07T11:08:12.230825,13.107.226.42,172.21.12.17,6,1514,51,443,50147
2026-04-07T11:08:12.231425,13.107.226.42,172.21.12.17,6,1514,51,443,50147
2026-04-07T11:08:12.232042,13.107.226.42,172.21.12.17,6,1514,51,443,50147
2026-04-07T11:08:12.232653,13.107.226.42,172.21.12.17,6,1514,51,443,50147
2026-04-07T11:08:12.233281,13.107.226.42,172.21.12.17,6,1514,51,443,50147
2026-04-07T11:08:12.233850,13.107.226.42,172.21.12.17,6,1514,51,443,50147
2026-04-07T11:08:12.234393,13.107.226.42,172.21.12.17,6,1514,51,443,50147
2026-04-07T11:08:12.234945,13.107.226.42,172.21.12.17,6,1514,51,443,50147
2026-04-07T11:08:12.235516,13.107.226.42,172.21.12.17,6,1514,51,443,50147
2026-04-07T11:08:12.236127,13.107.226.42,172.21.12.17,6,1514,51,443,50147
2026-04-07T11:08:12.236705,13.107.226.42,172.21.12.17,6,1514,51,443,50147
2026-04-07T11:08:12.237259,13.107.226.42,172.21.12.17,6,1514,51,443,50147
2026-04-07T11:08:12.237886,13.107.226.42,172.21.12.17,6,1514,51,443,50147
2026-04-07T11:08:12.238656,13.107.226.42,172.21.12.17,6,1514,51,443,50147
2026-04-07T11:08:12.239271,13.107.226.42,172.21.12.17,6,1514,51,443,50147
2026-04-07T11:08:12.239854,13.107.226.42,172.21.12.17,6,1514,51,443,50147
2026-04-07T11:08:12.240474,13.107.226.42,172.21.12.17,6,1514,51,443,50147
2026-04-07T11:08:12.241117,13.107.226.42,172.21.12.17,6,1514,51,443,50147
2026-04-07T11:08:12.241683,172.21.12.17,13.107.226.42,6,54,128,50147,443
2026-04-07T11:08:12.242257,13.107.226.42,172.21.12.17,6,1514,51,443,50147
2026-04-07T11:08:12.242889,13.107.226.42,172.21.12.17,6,1514,51,443,50147
2026-04-07T11:08:12.243421,13.107.226.42,172.21.12.17,6,1514,51,443,50147
2026-04-07T11:08:12.243961,13.107.226.42,172.21.12.17,6,1514,51,443,50147
2026-04-07T11:08:12.244487,13.107.226.42,172.21.12.17,6,1514,51,443,50147
2026-04-07T11:08:12.245061,13.107.226.42,172.21.12.17,6,1514,51,443,50147
2026-04-07T11:08:12.245630,172.21.12.17,13.107.226.42,6,54,128,50147,443
2026-04-07T11:08:12.246236,13.107.226.42,172.21.12.17,6,1514,51,443,50147
2026-04-07T11:08:12.246811,13.107.226.42,172.21.12.17,6,1514,51,443,50147
2026-04-07T11:08:12.247340,172.21.12.17,13.107.226.42,6,54,128,50147,443
2026-04-07T11:08:12.247924,13.107.226.42,172.21.12.17,6,1514,51,443,50147
2026-04-07T11:08:12.248479,13.107.226.42,172.21.12.17,6,1514,51,443,50147
2026-04-07T11:08:12.249038,13.107.226.42,172.21.12.17,6,1514,51,443,50147
2026-04-07T11:08:12.249641,13.107.226.42,172.21.12.17,6,1514,51,443,50147
2026-04-07T11:08:12.250180,13.107.226.42,172.21.12.17,6,1514,51,443,50147
2026-04-07T11:08:12.250783,13.107.226.42,172.21.12.17,6,1514,51,443,50147
2026-04-07T11:08:12.251258,172.21.12.17,13.107.226.42,6,54,128,50147,443
2026-04-07T11:08:12.251841,13.107.226.42,172.21.12.17,6,1514,51,443,50147
2026-04-07T11:08:12.252425,13.107.226.42,172.21.12.17,6,1514,51,443,50147
2026-04-07T11:08:12.252909,172.21.12.17,13.107.226.42,6,54,128,50147,443
2026-04-07T11:08:12.253441,13.107.226.42,172.21.12.17,6,589,51,443,50147
2026-04-07T11:08:12.253947,172.21.12.17,13.107.226.42,6,54,128,50147,443
2026-04-07T11:08:12.270575,13.107.226.42,172.21.12.17,6,589,51,443,50147
2026-04-07T11:08:12.271380,172.21.12.17,13.107.226.42,6,66,128,50147,443
2026-04-07T11:08:12.367184,172.21.12.17,52.168.117.170,6,167,128,55378,443
2026-04-07T11:08:12.368167,172.21.12.17,52.168.117.170,6,93,128,55378,443
2026-04-07T11:08:12.369005,172.21.12.17,52.168.117.170,6,2458,128,55378,443
2026-04-07T11:08:12.458310,52.168.117.170,172.21.12.17,6,56,109,443,55378
2026-04-07T11:08:12.459269,52.168.117.170,172.21.12.17,6,56,109,443,55378
2026-04-07T11:08:12.459979,52.168.117.170,172.21.12.17,6,93,109,443,55378
2026-04-07T11:08:12.501143,172.21.12.17,52.168.117.170,6,54,128,55378,443
2026-04-07T11:08:12.587209,52.168.117.170,172.21.12.17,6,154,109,443,55378
2026-04-07T11:08:12.588007,172.21.12.17,52.168.117.170,6,89,128,55378,443
2026-04-07T11:08:12.719067,52.168.117.170,172.21.12.17,6,60,109,443,55378
2026-04-07T11:08:13.902422,172.21.12.17,4.208.32.153,6,105,128,53325,443
2026-04-07T11:08:13.921199,4.208.32.153,172.21.12.17,6,94,49,443,53325
2026-04-07T11:08:13.974227,172.21.12.17,4.208.32.153,6,54,128,53325,443
2026-04-07T11:08:14.096709,172.21.13.133,224.0.0.251,2,56,1,0,0
2026-04-07T11:08:14.506293,172.21.13.133,239.255.255.250,2,56,1,0,0
2026-04-07T11:08:14.666659,172.21.12.17,172.21.14.15,6,66,128,55827,7680
2026-04-07T11:08:15.833949,172.21.12.17,151.101.128.223,6,54,128,55825,443
2026-04-07T11:08:15.839992,151.101.128.223,172.21.12.17,6,56,59,443,55825
2026-04-07T11:08:15.840790,151.101.128.223,172.21.12.17,6,85,59,443,55825
2026-04-07T11:08:15.841428,151.101.128.223,172.21.12.17,6,56,59,443,55825
2026-04-07T11:08:15.841931,172.21.12.17,151.101.128.223,6,54,128,55825,443
2026-04-07T11:08:15.842414,172.21.12.17,151.101.128.223,6,54,128,55825,443
2026-04-07T11:08:16.554765,172.21.13.133,239.255.255.250,2,56,1,0,0
2026-04-07T11:08:17.271507,172.21.14.19,224.0.0.251,2,56,1,0,0
2026-04-07T11:08:18.193941,172.21.13.111,224.0.0.251,2,56,1,0,0
2026-04-07T11:08:18.500033,172.21.13.133,239.255.255.250,2,56,1,0,0
2026-04-07T11:08:19.831456,172.21.12.165,224.0.0.251,2,56,1,0,0
2026-04-07T11:08:19.933170,172.21.12.242,224.0.0.251,2,56,1,0,0
2026-04-07T11:08:20.855913,172.21.12.165,239.255.255.250,2,56,1,0,0
2026-04-07T11:08:21.776927,172.21.13.148,224.0.0.251,2,56,1,0,0
2026-04-07T11:08:22.186659,172.21.13.184,224.0.0.251,2,56,1,0,0
2026-04-07T11:08:22.495562,172.21.13.133,239.255.255.250,2,56,1,0,0
2026-04-07T11:08:22.669661,172.21.12.17,172.21.14.15,6,66,128,55827,7680
2026-04-07T11:08:22.708550,172.21.13.118,224.0.0.251,2,56,1,0,0
2026-04-07T11:08:22.903457,172.21.13.160,224.0.0.251,2,56,1,0,0
2026-04-07T11:08:23.210799,172.21.13.49,224.0.0.251,2,56,1,0,0
2026-04-07T11:08:23.453124,172.21.12.17,172.21.12.1,17,95,128,0,0
2026-04-07T11:08:23.458452,172.21.12.1,172.21.12.17,17,215,58,0,0
2026-04-07T11:08:23.488047,172.21.12.17,20.50.201.203,6,66,128,50148,443
2026-04-07T11:08:23.499881,20.50.201.203,172.21.12.17,6,66,113,443,50148
2026-04-07T11:08:23.500481,172.21.12.17,20.50.201.203,6,54,128,50148,443
2026-04-07T11:08:23.503821,172.21.12.17,20.50.201.203,6,616,128,50148,443
2026-04-07T11:08:23.551901,20.50.201.203,172.21.12.17,6,1514,113,443,50148
2026-04-07T11:08:23.552778,172.21.12.17,20.50.201.203,6,54,128,50148,443
2026-04-07T11:08:23.553813,20.50.201.203,172.21.12.17,6,1514,113,443,50148
2026-04-07T11:08:23.554566,20.50.201.203,172.21.12.17,6,1514,113,443,50148
2026-04-07T11:08:23.555127,172.21.12.17,20.50.201.203,6,54,128,50148,443
2026-04-07T11:08:23.555748,20.50.201.203,172.21.12.17,6,1514,113,443,50148
2026-04-07T11:08:23.556318,20.50.201.203,172.21.12.17,6,469,113,443,50148
2026-04-07T11:08:23.556829,172.21.12.17,20.50.201.203,6,54,128,50148,443
2026-04-07T11:08:23.591808,172.21.12.17,20.50.201.203,6,134,128,50148,443
2026-04-07T11:08:23.592633,172.21.12.17,20.50.201.203,6,1088,128,50148,443
2026-04-07T11:08:23.605422,20.50.201.203,172.21.12.17,6,60,113,443,50148
2026-04-07T11:08:23.644658,20.50.201.203,172.21.12.17,6,157,113,443,50148
2026-04-07T11:08:23.645390,172.21.12.17,20.50.201.203,6,54,128,50148,443
2026-04-07T11:08:24.429987,20.50.201.203,172.21.12.17,6,574,113,443,50148
2026-04-07T11:08:24.430990,172.21.12.17,20.50.201.203,6,54,128,50148,443
2026-04-07T11:08:24.490875,172.21.12.17,172.21.12.1,17,90,128,0,0
2026-04-07T11:08:24.500472,172.21.12.1,172.21.12.17,17,209,58,0,0
2026-04-07T11:08:24.501093,172.21.12.17,51.105.71.136,6,66,128,50149,443
2026-04-07T11:08:24.510500,51.105.71.136,172.21.12.17,6,66,114,443,50149
2026-04-07T11:08:24.511259,172.21.12.17,51.105.71.136,6,54,128,50149,443
2026-04-07T11:08:24.511946,172.21.12.17,51.105.71.136,6,611,128,50149,443
2026-04-07T11:08:24.522747,51.105.71.136,172.21.12.17,6,1514,114,443,50149
2026-04-07T11:08:24.523530,172.21.12.17,51.105.71.136,6,54,128,50149,443
2026-04-07T11:08:24.524394,51.105.71.136,172.21.12.17,6,1514,114,443,50149
2026-04-07T11:08:24.525134,51.105.71.136,172.21.12.17,6,1514,114,443,50149
2026-04-07T11:08:24.525669,172.21.12.17,51.105.71.136,6,54,128,50149,443
2026-04-07T11:08:24.526306,51.105.71.136,172.21.12.17,6,1514,114,443,50149
2026-04-07T11:08:24.526885,51.105.71.136,172.21.12.17,6,469,114,443,50149
2026-04-07T11:08:24.527374,172.21.12.17,51.105.71.136,6,54,128,50149,443
2026-04-07T11:08:24.527879,172.21.12.17,51.105.71.136,6,134,128,50149,443
2026-04-07T11:08:24.528384,172.21.12.17,51.105.71.136,6,504,128,50149,443
2026-04-07T11:08:24.528866,172.21.12.17,51.105.71.136,6,679,128,50149,443
2026-04-07T11:08:24.541827,172.21.13.133,239.255.255.250,2,56,1,0,0
2026-04-07T11:08:24.542641,51.105.71.136,172.21.12.17,6,60,114,443,50149
2026-04-07T11:08:24.543329,51.105.71.136,172.21.12.17,6,157,114,443,50149
2026-04-07T11:08:24.543946,51.105.71.136,172.21.12.17,6,499,114,443,50149
2026-04-07T11:08:24.544480,172.21.12.17,51.105.71.136,6,54,128,50149,443
2026-04-07T11:08:24.864090,172.21.12.17,216.239.38.120,17,71,128,0,0
2026-04-07T11:08:24.897218,216.239.38.120,172.21.12.17,17,68,60,0,0
2026-04-07T11:08:25.662638,172.21.12.17,172.21.12.1,17,92,128,0,0
2026-04-07T11:08:25.663808,172.21.12.17,172.21.12.1,17,92,128,0,0
2026-04-07T11:08:25.665086,172.21.12.17,52.168.117.170,6,167,128,55378,443
2026-04-07T11:08:25.665946,172.21.12.17,52.168.117.170,6,93,128,55378,443
2026-04-07T11:08:25.666724,172.21.12.17,52.168.117.170,6,2458,128,55378,443
2026-04-07T11:08:25.677064,172.21.12.1,172.21.12.17,17,262,58,0,0
2026-04-07T11:08:25.678101,172.21.12.1,172.21.12.17,17,212,58,0,0
2026-04-07T11:08:25.754082,52.168.117.170,172.21.12.17,6,56,109,443,55378
2026-04-07T11:08:25.754862,52.168.117.170,172.21.12.17,6,56,109,443,55378
2026-04-07T11:08:25.755457,52.168.117.170,172.21.12.17,6,93,109,443,55378
2026-04-07T11:08:25.795470,172.21.12.17,52.168.117.170,6,54,128,55378,443
2026-04-07T11:08:25.882182,52.168.117.170,172.21.12.17,6,155,109,443,55378
2026-04-07T11:08:25.882941,172.21.12.17,52.168.117.170,6,89,128,55378,443
2026-04-07T11:08:26.015846,52.168.117.170,172.21.12.17,6,60,109,443,55378
2026-04-07T11:08:26.183948,172.21.15.18,224.0.0.251,2,56,1,0,0
2026-04-07T11:08:26.384944,172.21.13.130,224.0.0.251,2,56,1,0,0
2026-04-07T11:08:26.487494,172.21.13.133,239.255.255.250,2,56,1,0,0
2026-04-07T11:08:26.795122,172.21.12.229,224.0.0.251,2,56,1,0,0
2026-04-07T11:08:27.101858,172.21.13.109,224.0.0.251,2,56,1,0,0
2026-04-07T11:08:27.306058,172.21.14.35,224.0.0.251,2,56,1,0,0
2026-04-07T11:08:27.920941,172.21.13.160,224.0.0.251,2,56,1,0,0
2026-04-07T11:08:28.166219,172.21.12.17,64.233.167.188,6,55,128,58723,5228
2026-04-07T11:08:28.172437,64.233.167.188,172.21.12.17,6,66,123,5228,58723
2026-04-07T11:08:28.535569,172.21.13.133,239.255.255.250,2,56,1,0,0
2026-04-07T11:08:29.251706,172.21.12.160,224.0.0.251,2,56,1,0,0
2026-04-07T11:08:29.559585,172.21.13.7,224.0.0.251,2,56,1,0,0
2026-04-07T11:08:29.619447,172.21.12.17,51.105.71.136,6,504,128,50149,443
2026-04-07T11:08:29.620488,172.21.12.17,51.105.71.136,6,679,128,50149,443
2026-04-07T11:08:29.628657,51.105.71.136,172.21.12.17,6,56,114,443,50149
2026-04-07T11:08:29.629441,51.105.71.136,172.21.12.17,6,574,114,443,50149
2026-04-07T11:08:29.630197,172.21.12.17,51.105.71.136,6,54,128,50149,443
2026-04-07T11:08:29.671013,172.21.12.17,172.21.12.1,17,74,128,0,0
2026-04-07T11:08:29.671915,172.21.12.17,172.21.12.1,17,74,128,0,0
2026-04-07T11:08:29.676136,172.21.12.1,172.21.12.17,17,154,58,0,0
2026-04-07T11:08:29.677093,172.21.12.1,172.21.12.17,17,120,58,0,0
2026-04-07T11:08:29.677715,172.21.12.17,216.239.38.120,17,71,128,0,0
2026-04-07T11:08:29.709261,216.239.38.120,172.21.12.17,17,68,60,0,0
2026-04-07T11:08:29.960225,172.21.12.17,172.21.12.1,17,91,128,0,0
2026-04-07T11:08:29.961128,172.21.12.17,172.21.12.1,17,91,128,0,0
2026-04-07T11:08:29.969808,172.21.12.1,172.21.12.17,17,258,58,0,0
2026-04-07T11:08:29.971013,172.21.12.1,172.21.12.17,17,210,58,0,0
2026-04-07T11:08:29.971531,172.21.12.17,20.189.173.26,6,66,128,52844,443
2026-04-07T11:08:30.118636,20.189.173.26,172.21.12.17,6,66,107,443,52844
2026-04-07T11:08:30.119850,172.21.12.17,20.189.173.26,6,54,128,52844,443
2026-04-07T11:08:30.121334,172.21.12.17,20.189.173.26,6,1922,128,52844,443
2026-04-07T11:08:30.269598,20.189.173.26,172.21.12.17,6,60,107,443,52844
2026-04-07T11:08:30.276187,20.189.173.26,172.21.12.17,6,153,107,443,52844
2026-04-07T11:08:30.276867,172.21.12.17,20.189.173.26,6,768,128,52844,443
2026-04-07T11:08:30.451057,20.189.173.26,172.21.12.17,6,1514,107,443,52844
2026-04-07T11:08:30.452213,20.189.173.26,172.21.12.17,6,1514,107,443,52844
2026-04-07T11:08:30.453163,20.189.173.26,172.21.12.17,6,1514,107,443,52844
2026-04-07T11:08:30.453858,172.21.12.17,20.189.173.26,6,54,128,52844,443
2026-04-07T11:08:30.454718,20.189.173.26,172.21.12.17,6,1514,107,443,52844
2026-04-07T11:08:30.455333,20.189.173.26,172.21.12.17,6,472,107,443,52844
2026-04-07T11:08:30.455861,172.21.12.17,20.189.173.26,6,54,128,52844,443
2026-04-07T11:08:30.456536,172.21.12.17,20.189.173.26,6,128,128,52844,443
2026-04-07T11:08:30.457097,172.21.12.17,20.189.173.26,6,146,128,52844,443
2026-04-07T11:08:30.457671,172.21.12.17,20.189.173.26,6,750,128,52844,443
2026-04-07T11:08:30.458321,172.21.12.17,20.189.173.26,6,4231,128,52844,443
2026-04-07T11:08:30.586473,172.21.13.120,224.0.0.251,2,56,1,0,0
2026-04-07T11:08:30.602131,20.189.173.26,172.21.12.17,6,157,107,443,52844
2026-04-07T11:08:30.603131,20.189.173.26,172.21.12.17,6,60,107,443,52844
2026-04-07T11:08:30.603773,20.189.173.26,172.21.12.17,6,60,107,443,52844
2026-04-07T11:08:30.607702,20.189.173.26,172.21.12.17,6,116,107,443,52844
2026-04-07T11:08:30.608221,172.21.12.17,20.189.173.26,6,54,128,52844,443
2026-04-07T11:08:30.608774,172.21.12.17,20.189.173.26,6,85,128,52844,443
2026-04-07T11:08:30.758243,20.189.173.26,172.21.12.17,6,381,107,443,52844
2026-04-07T11:08:30.798586,172.21.12.17,20.189.173.26,6,54,128,52844,443
2026-04-07T11:08:30.802054,20.189.173.26,172.21.12.17,6,60,107,443,52844
2026-04-07T11:08:32.120392,172.21.13.162,224.0.0.251,2,56,1,0,0
2026-04-07T11:08:32.884320,172.21.12.17,216.239.38.120,17,71,128,0,0
2026-04-07T11:08:32.916425,216.239.38.120,172.21.12.17,17,68,60,0,0
2026-04-07T11:08:34.064969,172.21.14.35,224.0.0.251,2,56,1,0,0
2026-04-07T11:08:34.810355,172.21.12.17,52.168.117.170,6,167,128,55378,443
2026-04-07T11:08:34.811481,172.21.12.17,52.168.117.170,6,2458,128,55378,443
2026-04-07T11:08:34.897393,52.168.117.170,172.21.12.17,6,56,109,443,55378
2026-04-07T11:08:34.899131,52.168.117.170,172.21.12.17,6,151,109,443,55378
2026-04-07T11:08:34.899837,172.21.12.17,52.168.117.170,6,89,128,55378,443
2026-04-07T11:08:34.985941,172.21.14.30,224.0.0.251,2,56,1,0,0
2026-04-07T11:08:35.047348,52.168.117.170,172.21.12.17,6,60,109,443,55378
2026-04-07T11:08:35.702930,172.21.13.160,224.0.0.251,2,56,1,0,0
2026-04-07T11:08:35.907827,172.21.13.130,224.0.0.251,2,56,1,0,0
2026-04-07T11:08:36.363701,172.21.12.17,216.239.38.120,17,71,128,0,0
2026-04-07T11:08:36.399244,216.239.38.120,172.21.12.17,17,68,60,0,0
2026-04-07T11:08:36.830293,172.21.13.128,224.0.0.251,2,56,1,0,0
2026-04-07T11:08:37.239300,172.21.12.4,224.0.0.251,2,56,1,0,0
2026-04-07T11:08:37.509775,172.21.12.17,216.239.38.120,17,71,128,0,0
2026-04-07T11:08:37.546180,216.239.38.120,172.21.12.17,17,68,60,0,0
2026-04-07T11:08:39.436624,172.21.12.17,52.168.117.170,6,167,128,55378,443
2026-04-07T11:08:39.437602,172.21.12.17,52.168.117.170,6,2458,128,55378,443
2026-04-07T11:08:39.524163,52.168.117.170,172.21.12.17,6,56,109,443,55378
2026-04-07T11:08:39.528086,52.168.117.170,172.21.12.17,6,151,109,443,55378
2026-04-07T11:08:39.572734,172.21.12.17,52.168.117.170,6,54,128,55378,443
2026-04-07T11:08:40.228797,172.21.12.17,216.239.38.120,17,71,128,0,0
2026-04-07T11:08:40.261293,216.239.38.120,172.21.12.17,17,68,60,0,0
2026-04-07T11:08:40.311624,172.21.13.55,224.0.0.251,2,56,1,0,0
2026-04-07T11:08:40.455808,172.21.12.17,172.21.13.166,6,66,128,52845,7680
2026-04-07T11:08:40.516826,172.21.13.166,172.21.12.17,6,66,128,7680,52845
2026-04-07T11:08:40.517759,172.21.12.17,172.21.13.166,6,54,128,52845,7680
2026-04-07T11:08:40.518757,172.21.12.17,172.21.13.166,6,129,128,52845,7680
2026-04-07T11:08:40.545217,172.21.13.166,172.21.12.17,6,56,128,7680,52845
2026-04-07T11:08:40.546093,172.21.12.17,172.21.13.166,6,54,128,52845,7680
2026-04-07T11:08:40.546769,172.21.12.17,172.21.13.166,6,54,128,52845,7680
2026-04-07T11:08:40.548975,172.21.13.166,172.21.12.17,6,56,128,7680,52845
2026-04-07T11:08:40.750972,172.21.12.17,20.50.73.10,6,55,128,63534,443
2026-04-07T11:08:40.768615,20.50.73.10,172.21.12.17,6,66,114,443,63534
